'id'	'title'	'description'	'product_type'	'google_product_category'	'link'	'image_link'	'condition'	'availability'	'price'	'sale_price'	'gtin'	'brand'	'mpn'	'item_group_id'	'gender'	'age_group'	'color'	'material'	'pattern'	'size'	'energy_efficiency_class'	'shipping'	'is_bundle'	'multipack'	'custom_label_0'	'custom_label_1'	'custom_label_2'	'custom_label_3'	'custom_label_4'	'unit_pricing_measure'	'unit_pricing_base_measure'
'52655467331875'	'Powerbank'	'Xplora Powerbank â€“ Praktisk og PÃ¥litelig Lading Med Xploras powerbank kan du lade opptil to Xplora-klokker samtidig, eller andre USB-enheter, mens du er pÃ¥ farten. Med en kapasitet pÃ¥ 5,000 mAh er den perfekt nÃ¥r du ikke har tilgang til en stikkontakt.'	'Powerbank'	'Electronics > Electronics Accessories > Power > Power Adapters & Chargers > Power Banks'	'https://to.xplora.no/t/t?a=1487384413&as=1817440741&t=2&tk=1&cupa_sku=52655467331875&url=https://xplora.no/products/powerbank?variant=52655467331875'	'https://cdn.shopify.com/s/files/1/0885/8622/3907/files/Powerbank.png?v=1742545811'	'new'	'in_stock'	'249 NOK'		'6902020522019'	'Xplora Mobile AB'	'ACC-PB-5K-RED-NEW'	'9797555945763'																	
'52655468020003'	'X6Play Dream tilbehÃ¸rspakke'	'Xplora Dream tilbehÃ¸rspakke â€“ Bytt, Miks & Match! Gi X6Play-smartklokken et helt nytt utseende med Dream pakken! Denne pakken inneholder 3 stilige klokkereimer, matchende remholdere og 3 fargerike rammer, perfekt for Ã¥ skape unike kombinasjoner. La barna mikse og matche farger og uttrykke sin stil! Pakken inneholder: 3 klokkereimer (mÃ¸rk lilla, blÃ¥, grÃ¥) 3 rammer (lys lilla, gul, blÃ¥) Matchende remholdere Barn kan enkelt tilpasse sin X6Play pÃ¥ sekunder â€“ kreativitet uten grenser! Merk: Smartklokke selges separat.'	'Klokkereim'	'Apparel & Accessories > Jewelry > Watch Accessories > Watch Bands'	'https://to.xplora.no/t/t?a=1487384413&as=1817440741&t=2&tk=1&cupa_sku=52655468020003&url=https://xplora.no/products/x6play-dream-tilbehorspakke?variant=52655468020003'	'https://cdn.shopify.com/s/files/1/0885/8622/3907/files/X6Dream2.png?v=1739189998'	'new'	'in_stock'	'399 NOK'		'7090048410261'	'Xplora Mobile AB'	'X6-SNF-DREAM'	'9797556109603'																	
'52655473590563'	'Elastisk Klokkereim til X6Play & X6Pro'	'Den elastiske klokkereimen til X6Pro & X6Play kombinerer komfort, stil og funksjonalitet â€“ perfekt for aktive barn! Laget av pustende, hudvennlig nylon for en fleksibel og sikker passform hele dagen. Lett & komfortabel â€“ ingen spenner, enkel Ã¥ ta av/pÃ¥ Pustende & fleksibel â€“ holder hÃ¥ndleddet kjÃ¸lig under lek Justerbar passform â€“ 22 mm bred, i tre lengder (96 mm, 108 mm, 120 mm) Stil & variasjon â€“ tilgjengelig i flere farger og mÃ¸nstre'	'Klokkereim'	'Apparel & Accessories > Jewelry > Watch Accessories > Watch Bands'	'https://to.xplora.no/t/t?a=1487384413&as=1817440741&t=2&tk=1&cupa_sku=52655473590563&url=https://xplora.no/products/elastisk-klokkereim-x6play-x6pro?variant=52655473590563'	'https://cdn.shopify.com/s/files/1/0885/8622/3907/files/RainbowElastic_1220x_crop_center_18fd3701-64f8-4aad-a4f3-2ad34987f883.png?v=1743163490'	'new'	'in_stock'	'149 NOK'		'7090048410612'	'Xplora Mobile AB'	'X6-ELSTRAP-RBW120'	'9797556240675'																	
'52655473623331'	'Elastisk Klokkereim til X6Play & X6Pro'	'Den elastiske klokkereimen til X6Pro & X6Play kombinerer komfort, stil og funksjonalitet â€“ perfekt for aktive barn! Laget av pustende, hudvennlig nylon for en fleksibel og sikker passform hele dagen. Lett & komfortabel â€“ ingen spenner, enkel Ã¥ ta av/pÃ¥ Pustende & fleksibel â€“ holder hÃ¥ndleddet kjÃ¸lig under lek Justerbar passform â€“ 22 mm bred, i tre lengder (96 mm, 108 mm, 120 mm) Stil & variasjon â€“ tilgjengelig i flere farger og mÃ¸nstre'	'Klokkereim'	'Apparel & Accessories > Jewelry > Watch Accessories > Watch Bands'	'https://to.xplora.no/t/t?a=1487384413&as=1817440741&t=2&tk=1&cupa_sku=52655473623331&url=https://xplora.no/products/elastisk-klokkereim-x6play-x6pro?variant=52655473623331'	'https://cdn.shopify.com/s/files/1/0885/8622/3907/files/BlackElastic_41bf87e1-8577-4001-b983-af3f7e4ad898.png?v=1743163490'	'new'	'in_stock'	'149 NOK'		'7090048410278'	'Xplora Mobile AB'	'X6-ELSTRAP-BLACK108'	'9797556240675'																	
'52655473656099'	'Elastisk Klokkereim til X6Play & X6Pro'	'Den elastiske klokkereimen til X6Pro & X6Play kombinerer komfort, stil og funksjonalitet â€“ perfekt for aktive barn! Laget av pustende, hudvennlig nylon for en fleksibel og sikker passform hele dagen. Lett & komfortabel â€“ ingen spenner, enkel Ã¥ ta av/pÃ¥ Pustende & fleksibel â€“ holder hÃ¥ndleddet kjÃ¸lig under lek Justerbar passform â€“ 22 mm bred, i tre lengder (96 mm, 108 mm, 120 mm) Stil & variasjon â€“ tilgjengelig i flere farger og mÃ¸nstre'	'Klokkereim'	'Apparel & Accessories > Jewelry > Watch Accessories > Watch Bands'	'https://to.xplora.no/t/t?a=1487384413&as=1817440741&t=2&tk=1&cupa_sku=52655473656099&url=https://xplora.no/products/elastisk-klokkereim-x6play-x6pro?variant=52655473656099'	'https://cdn.shopify.com/s/files/1/0885/8622/3907/files/BlackElastic_41bf87e1-8577-4001-b983-af3f7e4ad898.png?v=1743163490'	'new'	'in_stock'	'149 NOK'		'7090048410582'	'Xplora Mobile AB'	'X6-ELSTRAP-BLACK120'	'9797556240675'																	
'52655473688867'	'Elastisk Klokkereim til X6Play & X6Pro'	'Den elastiske klokkereimen til X6Pro & X6Play kombinerer komfort, stil og funksjonalitet â€“ perfekt for aktive barn! Laget av pustende, hudvennlig nylon for en fleksibel og sikker passform hele dagen. Lett & komfortabel â€“ ingen spenner, enkel Ã¥ ta av/pÃ¥ Pustende & fleksibel â€“ holder hÃ¥ndleddet kjÃ¸lig under lek Justerbar passform â€“ 22 mm bred, i tre lengder (96 mm, 108 mm, 120 mm) Stil & variasjon â€“ tilgjengelig i flere farger og mÃ¸nstre'	'Klokkereim'	'Apparel & Accessories > Jewelry > Watch Accessories > Watch Bands'	'https://to.xplora.no/t/t?a=1487384413&as=1817440741&t=2&tk=1&cupa_sku=52655473688867&url=https://xplora.no/products/elastisk-klokkereim-x6play-x6pro?variant=52655473688867'	'https://cdn.shopify.com/s/files/1/0885/8622/3907/files/BlueElastic_09ad7269-14a6-459a-bd7b-08ad00350b25.png?v=1743163490'	'new'	'in_stock'	'149 NOK'		'7090048410292'	'Xplora Mobile AB'	'X6-ELSTRAP-BLUE108'	'9797556240675'																	
'52655473721635'	'Elastisk Klokkereim til X6Play & X6Pro'	'Den elastiske klokkereimen til X6Pro & X6Play kombinerer komfort, stil og funksjonalitet â€“ perfekt for aktive barn! Laget av pustende, hudvennlig nylon for en fleksibel og sikker passform hele dagen. Lett & komfortabel â€“ ingen spenner, enkel Ã¥ ta av/pÃ¥ Pustende & fleksibel â€“ holder hÃ¥ndleddet kjÃ¸lig under lek Justerbar passform â€“ 22 mm bred, i tre lengder (96 mm, 108 mm, 120 mm) Stil & variasjon â€“ tilgjengelig i flere farger og mÃ¸nstre'	'Klokkereim'	'Apparel & Accessories > Jewelry > Watch Accessories > Watch Bands'	'https://to.xplora.no/t/t?a=1487384413&as=1817440741&t=2&tk=1&cupa_sku=52655473721635&url=https://xplora.no/products/elastisk-klokkereim-x6play-x6pro?variant=52655473721635'	'https://cdn.shopify.com/s/files/1/0885/8622/3907/files/BlueElastic_09ad7269-14a6-459a-bd7b-08ad00350b25.png?v=1743163490'	'new'	'in_stock'	'149 NOK'		'7090048410599'	'Xplora Mobile AB'	'X6-ELSTRAP-BLUE120'	'9797556240675'																	
'52655473754403'	'Elastisk Klokkereim til X6Play & X6Pro'	'Den elastiske klokkereimen til X6Pro & X6Play kombinerer komfort, stil og funksjonalitet â€“ perfekt for aktive barn! Laget av pustende, hudvennlig nylon for en fleksibel og sikker passform hele dagen. Lett & komfortabel â€“ ingen spenner, enkel Ã¥ ta av/pÃ¥ Pustende & fleksibel â€“ holder hÃ¥ndleddet kjÃ¸lig under lek Justerbar passform â€“ 22 mm bred, i tre lengder (96 mm, 108 mm, 120 mm) Stil & variasjon â€“ tilgjengelig i flere farger og mÃ¸nstre'	'Klokkereim'	'Apparel & Accessories > Jewelry > Watch Accessories > Watch Bands'	'https://to.xplora.no/t/t?a=1487384413&as=1817440741&t=2&tk=1&cupa_sku=52655473754403&url=https://xplora.no/products/elastisk-klokkereim-x6play-x6pro?variant=52655473754403'	'https://cdn.shopify.com/s/files/1/0885/8622/3907/files/XploraPurplePinkYellow_elastic_band_adjusted.png?v=1743163490'	'new'	'in_stock'	'149 NOK'		'7090048410315'	'Xplora Mobile AB'	'X6-ELSTRAP-PINK108'	'9797556240675'																	
'52655473787171'	'Elastisk Klokkereim til X6Play & X6Pro'	'Den elastiske klokkereimen til X6Pro & X6Play kombinerer komfort, stil og funksjonalitet â€“ perfekt for aktive barn! Laget av pustende, hudvennlig nylon for en fleksibel og sikker passform hele dagen. Lett & komfortabel â€“ ingen spenner, enkel Ã¥ ta av/pÃ¥ Pustende & fleksibel â€“ holder hÃ¥ndleddet kjÃ¸lig under lek Justerbar passform â€“ 22 mm bred, i tre lengder (96 mm, 108 mm, 120 mm) Stil & variasjon â€“ tilgjengelig i flere farger og mÃ¸nstre'	'Klokkereim'	'Apparel & Accessories > Jewelry > Watch Accessories > Watch Bands'	'https://to.xplora.no/t/t?a=1487384413&as=1817440741&t=2&tk=1&cupa_sku=52655473787171&url=https://xplora.no/products/elastisk-klokkereim-x6play-x6pro?variant=52655473787171'	'https://cdn.shopify.com/s/files/1/0885/8622/3907/files/XploraPurplePinkYellow_elastic_band_adjusted.png?v=1743163490'	'new'	'in_stock'	'149 NOK'		'7090048410605'	'Xplora Mobile AB'	'X6-ELSTRAP-PINK120'	'9797556240675'																	
'52655521628451'	'X6Play Fotball tilbehÃ¸rspakke'	'GjÃ¸r deg klar for kamp med vÃ¥rt X6Play Fotballpakke â€“ designet for ekte fotballfans! Dette tilbehÃ¸rspakken lar barn miks & match mellom 3 armbÃ¥nd og 3 rammer, slik at de kan tilpasse klokken sin med farger inspirert av sporten de elsker. Slipp lÃ¸s kreativiteten og vis din fotballpassion! Bytt utseende etter humÃ¸r, lagÃ¥nd eller dagens kamp. GjÃ¸r X6Play til det ultimate tilbehÃ¸ret for fotballsesongen. 100 % fotballstemning â€“ atmosfÃ¦re som aldri fÃ¸r! Som en ekstra bonus fÃ¥r du tilgang til eksklusive bakgrunner og ringetoner via Xploras aktivitetsplattform, slik at du kan telle ned til kampstart med stil.'	'Klokkereim'	'Apparel & Accessories > Jewelry > Watch Accessories > Watch Bands'	'https://to.xplora.no/t/t?a=1487384413&as=1817440741&t=2&tk=1&cupa_sku=52655521628451&url=https://xplora.no/products/x6play-fotball-tilbehorspakke?variant=52655521628451'	'https://cdn.shopify.com/s/files/1/0885/8622/3907/files/ny-hemsida-bilder_89bfe207-f8f5-4bbb-83c1-310accec5709.png?v=1739190170'	'new'	'in_stock'	'399 NOK'		'7090048410360'	'Xplora Mobile AB'	'X6-SNF-FOOTBALL'	'9797558075683'																	
'52655508226339'	'X6Play Energy tilbehÃ¸rspakke'	'Gi X6Play en energisk oppgradering med Energy Pack! Dette settet lar barn miks & matche mellom 3 armbÃ¥nd og 3 rammer, slik at de kan skape sin egen unike stil. GjÃ¸r klokken enda mer personlig: Lek med farger â€“ kombiner og bytt mellom flere livlige fargevalg Ekstra beskyttelse â€“ rammene gir et ekstra lag med slitestyrke Slitesterkt & komfortabelt â€“ laget i myk, vannavstÃ¸tende silikon Barn kan enkelt tilpasse sin X6Play pÃ¥ sekunder â€“ kreativitet uten grenser! Merk: Smartklokke selges separat.'	'Klokkereim'	'Apparel & Accessories > Jewelry > Watch Accessories > Watch Bands'	'https://to.xplora.no/t/t?a=1487384413&as=1817440741&t=2&tk=1&cupa_sku=52655508226339&url=https://xplora.no/products/x6play-energy-tilbehorspakke?variant=52655508226339'	'https://cdn.shopify.com/s/files/1/0885/8622/3907/files/Accessories_boks_2v_3D-hoyre-St_1be63b81-aa11-49ee-a40b-24c036941775.png?v=1739190134'	'new'	'in_stock'	'399 NOK'		'7090048408985'	'Xplora Mobile AB'	'X6-SNF-ENERGY'	'9797557485859'																	
'52656362553635'	'X6 Series Ekstra Klokkereim'	'Oppgrader din Xplora X6Play eller X6Pro med en slitesterk og komfortabel svart reim.Designet med tanke pÃ¥ bÃ¥de stil og funksjon â€“ perfekt for barn som leker, trener og utforsker.'	'Klokkereim'	'Apparel & Accessories > Jewelry > Watch Accessories > Watch Bands'	'https://to.xplora.no/t/t?a=1487384413&as=1817440741&t=2&tk=1&cupa_sku=52656362553635&url=https://xplora.no/products/ekstra-armband-x6play-x6pro?variant=52656362553635'	'https://cdn.shopify.com/s/files/1/0885/8622/3907/files/Svart_Xplora_X6Play_armb_nd.png?v=1744712760'	'new'	'in_stock'	'199 NOK'		'7090048410179'	'Xplora Mobile AB'	'X6-STRAP-RET-BLACK'	'9797558141219'																	
'52656362586403'	'X6 Series Ekstra Klokkereim'	'Oppgrader din Xplora X6Play eller X6Pro med en slitesterk og komfortabel svart reim.Designet med tanke pÃ¥ bÃ¥de stil og funksjon â€“ perfekt for barn som leker, trener og utforsker.'	'Klokkereim'	'Apparel & Accessories > Jewelry > Watch Accessories > Watch Bands'	'https://to.xplora.no/t/t?a=1487384413&as=1817440741&t=2&tk=1&cupa_sku=52656362586403&url=https://xplora.no/products/ekstra-armband-x6play-x6pro?variant=52656362586403'	'https://cdn.shopify.com/s/files/1/0885/8622/3907/files/Bl_rem_til_Xplora_X6Play.png?v=1744712800'	'new'	'in_stock'	'199 NOK'		'7090048410414'	'Xplora Mobile AB'	'X6-STRAP-RET-BLUE'	'9797558141219'																	
'52656362619171'	'X6 Series Ekstra Klokkereim'	'Oppgrader din Xplora X6Play eller X6Pro med en slitesterk og komfortabel svart reim.Designet med tanke pÃ¥ bÃ¥de stil og funksjon â€“ perfekt for barn som leker, trener og utforsker.'	'Klokkereim'	'Apparel & Accessories > Jewelry > Watch Accessories > Watch Bands'	'https://to.xplora.no/t/t?a=1487384413&as=1817440741&t=2&tk=1&cupa_sku=52656362619171&url=https://xplora.no/products/ekstra-armband-x6play-x6pro?variant=52656362619171'	'https://cdn.shopify.com/s/files/1/0885/8622/3907/files/Rosa_klokkerem_til_Xplora_X6Play.png?v=1744712861'	'new'	'in_stock'	'199 NOK'		'7090048410445'	'Xplora Mobile AB'	'X6-STRAP-RET-PINK'	'9797558141219'																	
'52656362651939'	'X6 Series Ekstra Klokkereim'	'Oppgrader din Xplora X6Play eller X6Pro med en slitesterk og komfortabel svart reim.Designet med tanke pÃ¥ bÃ¥de stil og funksjon â€“ perfekt for barn som leker, trener og utforsker.'	'Klokkereim'	'Apparel & Accessories > Jewelry > Watch Accessories > Watch Bands'	'https://to.xplora.no/t/t?a=1487384413&as=1817440741&t=2&tk=1&cupa_sku=52656362651939&url=https://xplora.no/products/ekstra-armband-x6play-x6pro?variant=52656362651939'	'https://cdn.shopify.com/s/files/1/0885/8622/3907/files/Limegr_nt_X6Play_armb_nd..png?v=1744712887'	'new'	'in_stock'	'199 NOK'		'7090048410438'	'Xplora Mobile AB'	'X6-STRAP-RET-LIME'	'9797558141219'																	
'52656362684707'	'X6 Series Ekstra Klokkereim'	'Oppgrader din Xplora X6Play eller X6Pro med en slitesterk og komfortabel svart reim.Designet med tanke pÃ¥ bÃ¥de stil og funksjon â€“ perfekt for barn som leker, trener og utforsker.'	'Klokkereim'	'Apparel & Accessories > Jewelry > Watch Accessories > Watch Bands'	'https://to.xplora.no/t/t?a=1487384413&as=1817440741&t=2&tk=1&cupa_sku=52656362684707&url=https://xplora.no/products/ekstra-armband-x6play-x6pro?variant=52656362684707'	'https://cdn.shopify.com/s/files/1/0885/8622/3907/files/Gr_nn_reim_til_Xplora_X6Play.png?v=1744712825'	'new'	'in_stock'	'199 NOK'		'7090048410421'	'Xplora Mobile AB'	'X6-STRAP-RET-GREEN'	'9797558141219'																	
'54195943244067'	'X6Play Skjermbeskytter'	'Hold skjermen pÃ¥ din X6 Play klar og beskyttet med en skreddersydd skjermbeskytter. For Ã¥ sikre riktig passform, velg den versjonen som samsvarer med kamerakonfigurasjonen pÃ¥ klokken din. Velg layout: Kamera i midten â€“ For modeller med frontkameraet sentrert over skjermen Kamera i hjÃ¸rnet â€“ For modeller med kameraet i Ã¸vre hÃ¸yre hjÃ¸rne'	'Skjermbeskytter'	'Electronics > Electronics Accessories > Electronics Films & Shields > Screen Protectors'	'https://to.xplora.no/t/t?a=1487384413&as=1817440741&t=2&tk=1&cupa_sku=54195943244067&url=https://xplora.no/products/x6play-skjermbeskytter?variant=54195943244067'	'https://cdn.shopify.com/s/files/1/0885/8622/3907/files/Explainer_Image_-_Side-by-Side_5.png?v=1753878364'	'new'	'in_stock'	'199 NOK'		''	'Xplora Mobile AB'	'X6-2SCP-XPLORA'	'9797558108451'																	
'54195943211299'	'X6Play Skjermbeskytter'	'Hold skjermen pÃ¥ din X6 Play klar og beskyttet med en skreddersydd skjermbeskytter. For Ã¥ sikre riktig passform, velg den versjonen som samsvarer med kamerakonfigurasjonen pÃ¥ klokken din. Velg layout: Kamera i midten â€“ For modeller med frontkameraet sentrert over skjermen Kamera i hjÃ¸rnet â€“ For modeller med kameraet i Ã¸vre hÃ¸yre hjÃ¸rne'	'Skjermbeskytter'	'Electronics > Electronics Accessories > Electronics Films & Shields > Screen Protectors'	'https://to.xplora.no/t/t?a=1487384413&as=1817440741&t=2&tk=1&cupa_sku=54195943211299&url=https://xplora.no/products/x6play-skjermbeskytter?variant=54195943211299'	'https://cdn.shopify.com/s/files/1/0885/8622/3907/files/Explainer_Image_-_Side-by-Side_6.png?v=1753878413'	'new'	'in_stock'	'199 NOK'		'7340055014649'	'Xplora Mobile AB'	'X6-SCP-XPLORA'	'9797558108451'																	
'52655527199011'	'Lader for X6Play/X6Pro'	'Hold din Xplora X6Play eller X6Pro alltid ladet og klar med denne ekstra USB-laderen. Perfekt som en erstatning for en tapt eller Ã¸delagt lader, eller for Ã¥ ha en ekstra tilgjengelig hjemme, pÃ¥ skolen eller pÃ¥ reise. Kompatibilitet Xplora X6Play Xplora X6Pro'	'Laddare'	'Electronics > Electronics Accessories > Power > Power Adapters & Chargers'	'https://to.xplora.no/t/t?a=1487384413&as=1817440741&t=2&tk=1&cupa_sku=52655527199011&url=https://xplora.no/products/x6play-x6pro-usb-lader?variant=52655527199011'	'https://cdn.shopify.com/s/files/1/0885/8622/3907/files/Xplora-X6Play-charger-1.png?v=1739190189'	'new'	'in_stock'	'199 NOK'		'7090048408961'	'Xplora Mobile AB'	'X6-USB-CHARGER'	'9797558239523'																	
'52655535751459'	'Skjermbeskytter X6Pro'	'Usynlig skjermbeskytter for Xplora X6ProEn gjennomsiktig skjermbeskytter til Xplora X6Pro som gjÃ¸r barnets smartklokke mer robust og holdbar. Enkel Ã¥ feste og nesten usynlig pÃ¥ klokken â€“ en smart investering for aktive barn!'	'Skjermbeskytter'	'Electronics > Electronics Accessories > Electronics Films & Shields > Screen Protectors'	'https://to.xplora.no/t/t?a=1487384413&as=1817440741&t=2&tk=1&cupa_sku=52655535751459&url=https://xplora.no/products/x6pro-skjermbeskytter?variant=52655535751459'	'https://cdn.shopify.com/s/files/1/0885/8622/3907/files/X6Pro_Skarmskydd.png?v=1739190216'	'new'	'in_stock'	'199 NOK'		'7340055014694'	'Xplora Mobile AB'	'X6PE-SCP-XPLORA'	'9797558403363'																	
'53027755393315'	'XGO3 Reim'	'Ekstra klokkereim til din Xplora XGO3 Gi din smartklokke en fargesterk oppgradering! Tilpass enkelt din XGO3 etter din personlige smak gjennom Ã¥ velge en sporty klokkereim i rosa, oransje eller svart. Perfekt til Ã¥ matche et nytt antrekk, en frisk start eller feire en spesiell anledning.'	'Klokkereim'	'Apparel & Accessories > Jewelry > Watch Accessories > Watch Bands'	'https://to.xplora.no/t/t?a=1487384413&as=1817440741&t=2&tk=1&cupa_sku=53027755393315&url=https://xplora.no/products/xgo3-extra-armband?variant=53027755393315'	'https://cdn.shopify.com/s/files/1/0885/8622/3907/files/XGO3PinkWristband_1220x_crop_center_6ff40d45-eacd-4912-9f00-29d1d53ebb1e.png?v=1740751691'	'new'	'in_stock'	'169 NOK'		'7090048408930'	'Xplora Mobile AB'	'XGO3-STRAP-PINK'	'9797558599971'																	
'53027755458851'	'XGO3 Reim'	'Ekstra klokkereim til din Xplora XGO3 Gi din smartklokke en fargesterk oppgradering! Tilpass enkelt din XGO3 etter din personlige smak gjennom Ã¥ velge en sporty klokkereim i rosa, oransje eller svart. Perfekt til Ã¥ matche et nytt antrekk, en frisk start eller feire en spesiell anledning.'	'Klokkereim'	'Apparel & Accessories > Jewelry > Watch Accessories > Watch Bands'	'https://to.xplora.no/t/t?a=1487384413&as=1817440741&t=2&tk=1&cupa_sku=53027755458851&url=https://xplora.no/products/xgo3-extra-armband?variant=53027755458851'	'https://cdn.shopify.com/s/files/1/0885/8622/3907/files/XGO3BlackWristband_1220x_crop_center_6eb2a0e6-ae75-45ea-aca3-d67988478ea3.png?v=1755675750'	'new'	'in_stock'	'169 NOK'		'7090048408893'	'Xplora Mobile AB'	'XGO3-STRAP-BLACK'	'9797558599971'																	
'53027755491619'	'XGO3 Reim'	'Ekstra klokkereim til din Xplora XGO3 Gi din smartklokke en fargesterk oppgradering! Tilpass enkelt din XGO3 etter din personlige smak gjennom Ã¥ velge en sporty klokkereim i rosa, oransje eller svart. Perfekt til Ã¥ matche et nytt antrekk, en frisk start eller feire en spesiell anledning.'	'Klokkereim'	'Apparel & Accessories > Jewelry > Watch Accessories > Watch Bands'	'https://to.xplora.no/t/t?a=1487384413&as=1817440741&t=2&tk=1&cupa_sku=53027755491619&url=https://xplora.no/products/xgo3-extra-armband?variant=53027755491619'	'https://cdn.shopify.com/s/files/1/0885/8622/3907/files/XGO3OrangeWristband_1220x_crop_center_67939d8b-930c-41a1-b4b1-c767beeef1dc.png?v=1755675750'	'new'	'in_stock'	'169 NOK'		'7090048408923'	'Xplora Mobile AB'	'XGO3-STRAP-ORANGE'	'9797558599971'																	
'52655554691363'	'XGO3 magnetisk lader'	'Lad din XGO3 smartklokke raskt og trygt med denne magnetiske laderen fra Xplora. Det magnetiske ladehodet sÃ¸rger for en stabil tilkobling gjennom hele ladeprosessen, slik at klokken lades effektivt uten avbrudd. ðŸš¨ Sjekk kompatibilitet fÃ¸r bestilling:Noen XGO3-modeller bruker micro-USB-lading, mens andre krever magnetisk lader. For Ã¥ finne riktig type: Snu klokken og sjekk ladeporten Hvis du ser 4 metallpinner, trenger du en magnetisk lader'	'Laddare'	'Electronics > Electronics Accessories > Power > Power Adapters & Chargers'	'https://to.xplora.no/t/t?a=1487384413&as=1817440741&t=2&tk=1&cupa_sku=52655554691363&url=https://xplora.no/products/xgo3-magnetisk-lader?variant=52655554691363'	'https://cdn.shopify.com/s/files/1/0885/8622/3907/files/X5PlayCharger_1_610x_crop_center_4063e075-768e-4987-8e64-0905ea3f46db.png?v=1739190281'	'new'	'in_stock'	'169 NOK'		'7090048410452'	'Xplora Mobile AB'	'POGO-CHARGER'	'9797558731043'																	
'52655558557987'	'XGO3 Micro USB-lader'	'Med denne Xplora-laderen kan du lade XGO3-smartklokken din raskt og enkelt. ðŸš¨ Sjekk kompatibilitet fÃ¸r bestilling:Noen XGO3-modeller bruker micro-USB-lading, mens andre krever magnetisk lader. For Ã¥ finne riktig type: Snu klokken og sjekk ladeporten Hvis du ser 4 metallpinner, trenger du en magnetisk lader'	'Laddare'	'Electronics > Electronics Accessories > Power > Power Adapters & Chargers'	'https://to.xplora.no/t/t?a=1487384413&as=1817440741&t=2&tk=1&cupa_sku=52655558557987&url=https://xplora.no/products/micro-usb-lader-xgo3?variant=52655558557987'	'https://cdn.shopify.com/s/files/1/0885/8622/3907/files/XGO3Ladekabel_610x_crop_center_d494615b-58e2-4ab2-95db-f4d8f21112f9.png?v=1739190294'	'new'	'in_stock'	'169 NOK'		'7090048408954'	'Xplora Mobile AB'	'XGO3-USB-CHARGER'	'9797558763811'																	
'52655562719523'	'Skjermbeskytter XGO3'	'Beskytt barnets Xplora XGO3 med en usynlig skjermbeskytter som gjÃ¸r smartklokken mer slitesterk og forhindrer riper og skader. âœ” Ekstra beskyttelse â€“ forlenger levetiden til klokkenâœ” Nesten usynlig â€“ pÃ¥virker ikke skjermens utseende eller funksjonâœ” Enkel Ã¥ feste â€“ festes raskt uten bobler eller komplisert montering'	'Skjermbeskytter'	'Electronics > Electronics Accessories > Electronics Films & Shields > Screen Protectors'	'https://to.xplora.no/t/t?a=1487384413&as=1817440741&t=2&tk=1&cupa_sku=52655562719523&url=https://xplora.no/products/xgo3-skjermbeskytter?variant=52655562719523'	'https://cdn.shopify.com/s/files/1/0885/8622/3907/files/2_64ab0a22-215a-4aad-a660-6dab98ab4824.png?v=1739190308'	'new'	'in_stock'	'169 NOK'		'7090048408947'	'Xplora Mobile AB'	'XGO3-SCP-XPLORA'	'9797558862115'																	
'52950297215267'	'Jungel Reim til XGO3'	'Ekstra armbÃ¥nd til din Xplora XGO3. Lekent, fargerikt og fullt av glede! ""Welcome to our jungle"" er et konsept som stÃ¸tter barns aktive lek og oppmuntrer til deres superkraft â€“ fantasien. ArmbÃ¥ndene er kompatible med bÃ¥de nye og eldre design av XGO3.'	'Klokkereim'	'Apparel & Accessories > Jewelry > Watch Accessories > Watch Bands'	'https://to.xplora.no/t/t?a=1487384413&as=1817440741&t=2&tk=1&cupa_sku=52950297215267&url=https://xplora.no/products/jungel-reim-xgo3?variant=52950297215267'	'https://cdn.shopify.com/s/files/1/0885/8622/3907/files/XGO3Animal3_1220x_crop_center_39d13f3c-f441-444d-90c9-bda7bffc953d.png?v=1740490999'	'new'	'in_stock'	'169 NOK'		'7090048410544'	'Xplora Mobile AB'	'XGO3-STR-RP-TIGER'	'9797559058723'																	
'52950297248035'	'Jungel Reim til XGO3'	'Ekstra armbÃ¥nd til din Xplora XGO3. Lekent, fargerikt og fullt av glede! ""Welcome to our jungle"" er et konsept som stÃ¸tter barns aktive lek og oppmuntrer til deres superkraft â€“ fantasien. ArmbÃ¥ndene er kompatible med bÃ¥de nye og eldre design av XGO3.'	'Klokkereim'	'Apparel & Accessories > Jewelry > Watch Accessories > Watch Bands'	'https://to.xplora.no/t/t?a=1487384413&as=1817440741&t=2&tk=1&cupa_sku=52950297248035&url=https://xplora.no/products/jungel-reim-xgo3?variant=52950297248035'	'https://cdn.shopify.com/s/files/1/0885/8622/3907/files/Dinosaur_strap.png?v=1744118235'	'new'	'in_stock'	'169 NOK'		'7090048410575'	'Xplora Mobile AB'	'XGO3-STR-RP-DINOS'	'9797559058723'																	
'52950297280803'	'Jungel Reim til XGO3'	'Ekstra armbÃ¥nd til din Xplora XGO3. Lekent, fargerikt og fullt av glede! ""Welcome to our jungle"" er et konsept som stÃ¸tter barns aktive lek og oppmuntrer til deres superkraft â€“ fantasien. ArmbÃ¥ndene er kompatible med bÃ¥de nye og eldre design av XGO3.'	'Klokkereim'	'Apparel & Accessories > Jewelry > Watch Accessories > Watch Bands'	'https://to.xplora.no/t/t?a=1487384413&as=1817440741&t=2&tk=1&cupa_sku=52950297280803&url=https://xplora.no/products/jungel-reim-xgo3?variant=52950297280803'	'https://cdn.shopify.com/s/files/1/0885/8622/3907/files/XGO3Animal1_1220x_crop_center_570e53ad-c6c8-4dee-aab3-a053870890d1.png?v=1740490999'	'new'	'in_stock'	'169 NOK'		'7090048410551'	'Xplora Mobile AB'	'XGO3-STR-RP-BTFLY'	'9797559058723'																	
'52950315991331'	'Jungel Reim til XGO3'	'Ekstra armbÃ¥nd til din Xplora XGO3. Lekent, fargerikt og fullt av glede! ""Welcome to our jungle"" er et konsept som stÃ¸tter barns aktive lek og oppmuntrer til deres superkraft â€“ fantasien. ArmbÃ¥ndene er kompatible med bÃ¥de nye og eldre design av XGO3.'	'Klokkereim'	'Apparel & Accessories > Jewelry > Watch Accessories > Watch Bands'	'https://to.xplora.no/t/t?a=1487384413&as=1817440741&t=2&tk=1&cupa_sku=52950315991331&url=https://xplora.no/products/jungel-reim-xgo3?variant=52950315991331'	'https://cdn.shopify.com/s/files/1/0885/8622/3907/files/XGO3Animal4_1220x_crop_center_b8ee1e67-97b2-40a3-9422-1d17fa7c24a6.png?v=1740490999'	'new'	'in_stock'	'169 NOK'		'7090048410537'	'Xplora Mobile AB'	'XGO3-STR-RP-PEACO'	'9797559058723'																	
'52950327066915'	'Jungel Reim til XGO3'	'Ekstra armbÃ¥nd til din Xplora XGO3. Lekent, fargerikt og fullt av glede! ""Welcome to our jungle"" er et konsept som stÃ¸tter barns aktive lek og oppmuntrer til deres superkraft â€“ fantasien. ArmbÃ¥ndene er kompatible med bÃ¥de nye og eldre design av XGO3.'	'Klokkereim'	'Apparel & Accessories > Jewelry > Watch Accessories > Watch Bands'	'https://to.xplora.no/t/t?a=1487384413&as=1817440741&t=2&tk=1&cupa_sku=52950327066915&url=https://xplora.no/products/jungel-reim-xgo3?variant=52950327066915'	'https://cdn.shopify.com/s/files/1/0885/8622/3907/files/StrapYellow_1220x_crop_center_c326f3a7-3ad1-4d9f-a3ea-0ce20ed5059f.png?v=1740490999'	'new'	'in_stock'	'169 NOK'		'7090048410520'	'Xplora Mobile AB'	'XGO3-STR-RP-GRAFF'	'9797559058723'																	
'52950346531107'	'Jungel Reim til XGO3'	'Ekstra armbÃ¥nd til din Xplora XGO3. Lekent, fargerikt og fullt av glede! ""Welcome to our jungle"" er et konsept som stÃ¸tter barns aktive lek og oppmuntrer til deres superkraft â€“ fantasien. ArmbÃ¥ndene er kompatible med bÃ¥de nye og eldre design av XGO3.'	'Klokkereim'	'Apparel & Accessories > Jewelry > Watch Accessories > Watch Bands'	'https://to.xplora.no/t/t?a=1487384413&as=1817440741&t=2&tk=1&cupa_sku=52950346531107&url=https://xplora.no/products/jungel-reim-xgo3?variant=52950346531107'	'https://cdn.shopify.com/s/files/1/0885/8622/3907/files/StrapPink_1220x_crop_center_4160eeb2-af93-4ba9-8878-7b0a49c1ae1c.png?v=1740490999'	'new'	'in_stock'	'169 NOK'		'7090048410568'	'Xplora Mobile AB'	'XGO3-STR-RP-LEOPD'	'9797559058723'																	
'52950357410083'	'Jungel Reim til XGO3'	'Ekstra armbÃ¥nd til din Xplora XGO3. Lekent, fargerikt og fullt av glede! ""Welcome to our jungle"" er et konsept som stÃ¸tter barns aktive lek og oppmuntrer til deres superkraft â€“ fantasien. ArmbÃ¥ndene er kompatible med bÃ¥de nye og eldre design av XGO3.'	'Klokkereim'	'Apparel & Accessories > Jewelry > Watch Accessories > Watch Bands'	'https://to.xplora.no/t/t?a=1487384413&as=1817440741&t=2&tk=1&cupa_sku=52950357410083&url=https://xplora.no/products/jungel-reim-xgo3?variant=52950357410083'	'https://cdn.shopify.com/s/files/1/0885/8622/3907/files/XGO3_Blue_Elephant_Smartwatch-Armband_38a1eadf-a3e0-405a-9df3-7c91922df9b5.png?v=1740490999'	'new'	'in_stock'	'169 NOK'		'7090048410513'	'Xplora Mobile AB'	'XGO3-STR-RP-ELEPH'	'9797559058723'																	
'52950365831459'	'Jungel Reim til XGO3'	'Ekstra armbÃ¥nd til din Xplora XGO3. Lekent, fargerikt og fullt av glede! ""Welcome to our jungle"" er et konsept som stÃ¸tter barns aktive lek og oppmuntrer til deres superkraft â€“ fantasien. ArmbÃ¥ndene er kompatible med bÃ¥de nye og eldre design av XGO3.'	'Klokkereim'	'Apparel & Accessories > Jewelry > Watch Accessories > Watch Bands'	'https://to.xplora.no/t/t?a=1487384413&as=1817440741&t=2&tk=1&cupa_sku=52950365831459&url=https://xplora.no/products/jungel-reim-xgo3?variant=52950365831459'	'https://cdn.shopify.com/s/files/1/0885/8622/3907/files/XGO3_Black_Panther_Smartwatch-Armband.png?v=1740490999'	'new'	'in_stock'	'169 NOK'		'7090048410506'	'Xplora Mobile AB'	'XGO3-STR-RP-PANTH'	'9797559058723'																	
'52950365864227'	'Jungel Reim til XGO3'	'Ekstra armbÃ¥nd til din Xplora XGO3. Lekent, fargerikt og fullt av glede! ""Welcome to our jungle"" er et konsept som stÃ¸tter barns aktive lek og oppmuntrer til deres superkraft â€“ fantasien. ArmbÃ¥ndene er kompatible med bÃ¥de nye og eldre design av XGO3.'	'Klokkereim'	'Apparel & Accessories > Jewelry > Watch Accessories > Watch Bands'	'https://to.xplora.no/t/t?a=1487384413&as=1817440741&t=2&tk=1&cupa_sku=52950365864227&url=https://xplora.no/products/jungel-reim-xgo3?variant=52950365864227'	'https://cdn.shopify.com/s/files/1/0885/8622/3907/files/XGO3_Pink_Zebra_Smartwatch-Armband.png?v=1740490999'	'new'	'in_stock'	'169 NOK'		'7090048410490'	'Xplora Mobile AB'	'XGO3-STR-RP-ZEBRA'	'9797559058723'																	
'53024489472291'	'X5Play klokkereim'	'GjÃ¸r smartklokken din mer personlig med ekstra stropper til X5Play, velg din favorittfarge. Obs!: Dette produktet er utgÃ¥tt og vil ikke returnere pÃ¥ lager.'	'Klokkereim'	'Apparel & Accessories > Jewelry > Watch Accessories > Watch Bands'	'https://to.xplora.no/t/t?a=1487384413&as=1817440741&t=2&tk=1&cupa_sku=53024489472291&url=https://xplora.no/products/reim-til-x5play?variant=53024489472291'	'https://cdn.shopify.com/s/files/1/0885/8622/3907/files/X5BlackWristband_1.png?v=1742545811'	'new'	'in_stock'	'199 NOK'		'7090048408688'	'Xplora Technologies'	'X5P-STRAP-BLACK'	'9818430898467'																	
'53024489505059'	'X5Play klokkereim'	'GjÃ¸r smartklokken din mer personlig med ekstra stropper til X5Play, velg din favorittfarge. Obs!: Dette produktet er utgÃ¥tt og vil ikke returnere pÃ¥ lager.'	'Klokkereim'	'Apparel & Accessories > Jewelry > Watch Accessories > Watch Bands'	'https://to.xplora.no/t/t?a=1487384413&as=1817440741&t=2&tk=1&cupa_sku=53024489505059&url=https://xplora.no/products/reim-til-x5play?variant=53024489505059'	'https://cdn.shopify.com/s/files/1/0885/8622/3907/files/X5PlayBlueWristband.png?v=1742545811'	'new'	'in_stock'	'199 NOK'		'7090048408701'	'Xplora Technologies'	'X5P-STRAP-BLUE'	'9818430898467'																	
'53024489537827'	'X5Play klokkereim'	'GjÃ¸r smartklokken din mer personlig med ekstra stropper til X5Play, velg din favorittfarge. Obs!: Dette produktet er utgÃ¥tt og vil ikke returnere pÃ¥ lager.'	'Klokkereim'	'Apparel & Accessories > Jewelry > Watch Accessories > Watch Bands'	'https://to.xplora.no/t/t?a=1487384413&as=1817440741&t=2&tk=1&cupa_sku=53024489537827&url=https://xplora.no/products/reim-til-x5play?variant=53024489537827'	'https://cdn.shopify.com/s/files/1/0885/8622/3907/files/X5PlayPinkWristband_1.png?v=1742545811'	'new'	'in_stock'	'199 NOK'		'7090048408695'	'Xplora Technologies'	'X5P-STRAP-PINK'	'9818430898467'																	
'53024902512931'	'Skjermbeskytter XGO2'	'Copter Xplora XGO2 Skjermbeskytter â€“ Usynlig og SlitesterkTynn, slitesterk og enkel Ã¥ pÃ¥fÃ¸re. Beskytter barnets smartklokke mot riper og skader uten Ã¥ pÃ¥virke utseendet. En smart investering for aktive barn!'	'Skjermbeskytter'	'Electronics > Electronics Accessories > Electronics Films & Shields > Screen Protectors'	'https://to.xplora.no/t/t?a=1487384413&as=1817440741&t=2&tk=1&cupa_sku=53024902512931&url=https://xplora.no/products/skjermbeskytter-xgo2?variant=53024902512931'	'https://cdn.shopify.com/s/files/1/0885/8622/3907/files/XGO2-Screen-Protector.png?v=1740741415'	'new'	'in_stock'	'169 NOK'		'7340055014014'	'Xplora Mobile AB'	'XGO2-SCREEN-PROTECT'	'9818435256611'																	
'53025069138211'	'Lader til XGO2'	'Hold barnets Xplora XGO2 smartklokke ladet og klar til bruk med denne pÃ¥litelige erstatningsladeren. Den magnetiske ladekabelen kobles enkelt til en USB-strÃ¸mkilde, for eksempel en PC, laptop eller strÃ¸madapter.'	'Laddare'	'Electronics > Electronics Accessories > Power > Power Adapters & Chargers'	'https://to.xplora.no/t/t?a=1487384413&as=1817440741&t=2&tk=1&cupa_sku=53025069138211&url=https://xplora.no/products/lader-xgo2?variant=53025069138211'	'https://cdn.shopify.com/s/files/1/0885/8622/3907/files/Lader_XPLORA_XGO2-1.png?v=1741179261'	'new'	'in_stock'	'199 NOK'		'7090048408725'	'Xplora Technologies'	'ACC-CHARGER-XGO2'	'9818436075811'																	
'53025859698979'	'Extra Reim til XGO2'	'GjÃ¸r smartklokken din mer personlig med ekstra stropper til XGO2, velg din favorittfarge!'	'Klokkereim'	'Apparel & Accessories > Jewelry > Watch Accessories > Watch Bands'	'https://to.xplora.no/t/t?a=1487384413&as=1817440741&t=2&tk=1&cupa_sku=53025859698979&url=https://xplora.no/products/reim-xgo2?variant=53025859698979'	'https://cdn.shopify.com/s/files/1/0885/8622/3907/files/XGO2BlackWristband_1220x_crop_center_55ce06cb-b5bb-46b8-98a4-a18ca111b69b.png?v=1741179261'	'new'	'in_stock'	'169 NOK'		'7090048408749'	'Xplora Technologies'	'STRAPS-XGO2-BLACK'	'9818441351459'			'XGO2 - Svart'														
'53025859731747'	'Extra Reim til XGO2'	'GjÃ¸r smartklokken din mer personlig med ekstra stropper til XGO2, velg din favorittfarge!'	'Klokkereim'	'Apparel & Accessories > Jewelry > Watch Accessories > Watch Bands'	'https://to.xplora.no/t/t?a=1487384413&as=1817440741&t=2&tk=1&cupa_sku=53025859731747&url=https://xplora.no/products/reim-xgo2?variant=53025859731747'	'https://cdn.shopify.com/s/files/1/0885/8622/3907/files/XGO2PinkWristband_1220x_crop_center_a1066210-c575-442d-ac8f-269913ea38a6.png?v=1741179261'	'new'	'in_stock'	'169 NOK'		'7090048408770'	'Xplora Technologies'	'ACC-STRAPS-XGO2-PINK'	'9818441351459'			'XGO2 - Rosa'														
'53025859764515'	'Extra Reim til XGO2'	'GjÃ¸r smartklokken din mer personlig med ekstra stropper til XGO2, velg din favorittfarge!'	'Klokkereim'	'Apparel & Accessories > Jewelry > Watch Accessories > Watch Bands'	'https://to.xplora.no/t/t?a=1487384413&as=1817440741&t=2&tk=1&cupa_sku=53025859764515&url=https://xplora.no/products/reim-xgo2?variant=53025859764515'	'https://cdn.shopify.com/s/files/1/0885/8622/3907/files/XGO2GreenWristband_1220x_crop_center_847cbde3-edbe-40f3-b45d-66f1e8147890.png?v=1741179261'	'new'	'in_stock'	'169 NOK'		'7090048408763'	'Xplora Technologies'	'STRAPS-XGO2-GREEN'	'9818441351459'			'XGO2 - GrÃ¸nn'														
'53025859797283'	'Extra Reim til XGO2'	'GjÃ¸r smartklokken din mer personlig med ekstra stropper til XGO2, velg din favorittfarge!'	'Klokkereim'	'Apparel & Accessories > Jewelry > Watch Accessories > Watch Bands'	'https://to.xplora.no/t/t?a=1487384413&as=1817440741&t=2&tk=1&cupa_sku=53025859797283&url=https://xplora.no/products/reim-xgo2?variant=53025859797283'	'https://cdn.shopify.com/s/files/1/0885/8622/3907/files/XGO2BlueWristband_1220x_crop_center_bea0584d-10d2-4255-8c9a-71942fed1f2b.png?v=1741179261'	'new'	'in_stock'	'169 NOK'		'7090048408756'	'Xplora Technologies'	'ACC-STRAPS-XGO2-BLUE'	'9818441351459'			'XGO2 - LyseblÃ¥'														
'53341842538787'	'X6Pro Smartklokke'	'Pro-smartklokken for neste generasjon âœ” Telefonsamtalerâœ” Tale- og tekstmeldingerâœ” GPS-sporingâœ” Skrittellerâœ” 5-megapikselkamera med morsomme filtreâœ” 1 GB + 8 GB lagringâœ” 1,2-tommers AMOLED-skjermâœ” eSIMâœ” Flere ringetoner og urskiver via Xploras aktivitetsplattformâœ” Tilpass klokken med utskiftbare armbÃ¥nd, lÃ¸kker og skjermbeskyttere Med den tilhÃ¸rende Xplora-appen for smarttelefonen deres kan dere som foreldre alltid holde kontakten med barna og ha full kontroll over kontakter, plassering og alle innstillinger for smartklokken.'	'Smartklokke'	'Apparel & Accessories > Jewelry > Smart Watches'	'https://to.xplora.no/t/t?a=1487384413&as=1817440741&t=2&tk=1&cupa_sku=53341842538787&url=https://xplora.no/products/x6pro-smartklokke?variant=53341842538787'	'https://cdn.shopify.com/s/files/1/0885/8622/3907/files/X6Pro_Right_Analogue_Black_NO-min.png?v=1747654564'	'new'	'in_stock'	'2795 NOK'		'7090048403324'	'Xplora Technologies'		'9829752996131'																	
'53650682970403'	'X6Pro Smartklokke'	'Pro-smartklokken for neste generasjon âœ” Telefonsamtalerâœ” Tale- og tekstmeldingerâœ” GPS-sporingâœ” Skrittellerâœ” 5-megapikselkamera med morsomme filtreâœ” 1 GB + 8 GB lagringâœ” 1,2-tommers AMOLED-skjermâœ” eSIMâœ” Flere ringetoner og urskiver via Xploras aktivitetsplattformâœ” Tilpass klokken med utskiftbare armbÃ¥nd, lÃ¸kker og skjermbeskyttere Med den tilhÃ¸rende Xplora-appen for smarttelefonen deres kan dere som foreldre alltid holde kontakten med barna og ha full kontroll over kontakter, plassering og alle innstillinger for smartklokken.'	'Smartklokke'	'Apparel & Accessories > Jewelry > Smart Watches'	'https://to.xplora.no/t/t?a=1487384413&as=1817440741&t=2&tk=1&cupa_sku=53650682970403&url=https://xplora.no/products/x6pro-smartklokke?variant=53650682970403'	'https://cdn.shopify.com/s/files/1/0885/8622/3907/files/X6Pro_Right_Analogue_Black_NO-min.png?v=1747654564'	'new'	'in_stock'	'4703 NOK'		'7090048403324'	'Xplora Technologies'		'9829752996131'																	
'53774346682659'	'XGO3 Smartklokke'		'Smartklokke'	'Apparel & Accessories > Jewelry > Smart Watches'	'https://to.xplora.no/t/t?a=1487384413&as=1817440741&t=2&tk=1&cupa_sku=53774346682659&url=https://xplora.no/products/xgo3-smartklokke?variant=53774346682659'	'https://cdn.shopify.com/s/files/1/0885/8622/3907/files/XGO3_Blue_Print_Front_dad_calling_NO.png?v=1747746229'	'new'	'in_stock'	'1790 NOK'		''	'Xplora Technologies'		'9829754700067'																	
'53774346715427'	'XGO3 Smartklokke'		'Smartklokke'	'Apparel & Accessories > Jewelry > Smart Watches'	'https://to.xplora.no/t/t?a=1487384413&as=1817440741&t=2&tk=1&cupa_sku=53774346715427&url=https://xplora.no/products/xgo3-smartklokke?variant=53774346715427'	'https://cdn.shopify.com/s/files/1/0885/8622/3907/files/XGO3_Blue_Print_Front_dad_calling_NO.png?v=1747746229'	'new'	'in_stock'	'3698 NOK'		''	'Xplora Technologies'		'9829754700067'																	
'53774346748195'	'XGO3 Smartklokke'		'Smartklokke'	'Apparel & Accessories > Jewelry > Smart Watches'	'https://to.xplora.no/t/t?a=1487384413&as=1817440741&t=2&tk=1&cupa_sku=53774346748195&url=https://xplora.no/products/xgo3-smartklokke?variant=53774346748195'	'https://cdn.shopify.com/s/files/1/0885/8622/3907/files/XGO3BlackPrintFrontdadcallingNO.png?v=1747746229'	'new'	'in_stock'	'1790 NOK'		''	'Xplora Technologies'		'9829754700067'																	
'53774346780963'	'XGO3 Smartklokke'		'Smartklokke'	'Apparel & Accessories > Jewelry > Smart Watches'	'https://to.xplora.no/t/t?a=1487384413&as=1817440741&t=2&tk=1&cupa_sku=53774346780963&url=https://xplora.no/products/xgo3-smartklokke?variant=53774346780963'	'https://cdn.shopify.com/s/files/1/0885/8622/3907/files/XGO3BlackPrintFrontdadcallingNO.png?v=1747746229'	'new'	'in_stock'	'3698 NOK'		''	'Xplora Technologies'		'9829754700067'																	
'53774346813731'	'XGO3 Smartklokke'		'Smartklokke'	'Apparel & Accessories > Jewelry > Smart Watches'	'https://to.xplora.no/t/t?a=1487384413&as=1817440741&t=2&tk=1&cupa_sku=53774346813731&url=https://xplora.no/products/xgo3-smartklokke?variant=53774346813731'	'https://cdn.shopify.com/s/files/1/0885/8622/3907/files/XGO3_Pink_Print_Front_mom_calling_NO.png?v=1747746229'	'new'	'in_stock'	'1790 NOK'		''	'Xplora Technologies'		'9829754700067'																	
'53774346846499'	'XGO3 Smartklokke'		'Smartklokke'	'Apparel & Accessories > Jewelry > Smart Watches'	'https://to.xplora.no/t/t?a=1487384413&as=1817440741&t=2&tk=1&cupa_sku=53774346846499&url=https://xplora.no/products/xgo3-smartklokke?variant=53774346846499'	'https://cdn.shopify.com/s/files/1/0885/8622/3907/files/XGO3_Pink_Print_Front_mom_calling_NO.png?v=1747746229'	'new'	'in_stock'	'3698 NOK'		''	'Xplora Technologies'		'9829754700067'																	
'53574259999011'	'X6Play Smartklokke'	'Den premium smartklokken for barn âœ” Telefonsamtalerâœ” 8 GB lagringâœ” Tale- og tekstmeldingerâœ” GPS-sporingâœ” Skrittellerâœ” 5-megapikselkameraâœ” 1,52-tommers skjermâœ” Nano-SIMâœ” Ekstra ringetoner og urskiver via Xploras aktivitetsplattformâœ” Tilpass klokken med utskiftbare armbÃ¥nd, rammer og lÃ¸kker Med den tilhÃ¸rende Xplora-appen for smarttelefonen deres kan dere som foreldre alltid holde kontakten med barna og ha full oversikt over kontakter, plassering og alle innstillinger for smartklokken.'	'Smartklokke'	'Apparel & Accessories > Jewelry > Smart Watches'	'https://to.xplora.no/t/t?a=1487384413&as=1817440741&t=2&tk=1&cupa_sku=53574259999011&url=https://xplora.no/products/x6play-smartklokke?variant=53574259999011'	'https://cdn.shopify.com/s/files/1/0885/8622/3907/files/X6Play_Gen2_Front_Black_Call_NO.webp?v=1756289075'	'new'	'in_stock'	'2490 NOK'		''	'Xplora Technologies'		'9829757419811'																	
'53774273904931'	'X6Play Smartklokke'	'Den premium smartklokken for barn âœ” Telefonsamtalerâœ” 8 GB lagringâœ” Tale- og tekstmeldingerâœ” GPS-sporingâœ” Skrittellerâœ” 5-megapikselkameraâœ” 1,52-tommers skjermâœ” Nano-SIMâœ” Ekstra ringetoner og urskiver via Xploras aktivitetsplattformâœ” Tilpass klokken med utskiftbare armbÃ¥nd, rammer og lÃ¸kker Med den tilhÃ¸rende Xplora-appen for smarttelefonen deres kan dere som foreldre alltid holde kontakten med barna og ha full oversikt over kontakter, plassering og alle innstillinger for smartklokken.'	'Smartklokke'	'Apparel & Accessories > Jewelry > Smart Watches'	'https://to.xplora.no/t/t?a=1487384413&as=1817440741&t=2&tk=1&cupa_sku=53774273904931&url=https://xplora.no/products/x6play-smartklokke?variant=53774273904931'	'https://cdn.shopify.com/s/files/1/0885/8622/3907/files/X6Play_Gen2_Front_Black_Call_NO.webp?v=1756289075'	'new'	'in_stock'	'4398 NOK'		''	'Xplora Technologies'		'9829757419811'																	
'53574260064547'	'X6Play Smartklokke'	'Den premium smartklokken for barn âœ” Telefonsamtalerâœ” 8 GB lagringâœ” Tale- og tekstmeldingerâœ” GPS-sporingâœ” Skrittellerâœ” 5-megapikselkameraâœ” 1,52-tommers skjermâœ” Nano-SIMâœ” Ekstra ringetoner og urskiver via Xploras aktivitetsplattformâœ” Tilpass klokken med utskiftbare armbÃ¥nd, rammer og lÃ¸kker Med den tilhÃ¸rende Xplora-appen for smarttelefonen deres kan dere som foreldre alltid holde kontakten med barna og ha full oversikt over kontakter, plassering og alle innstillinger for smartklokken.'	'Smartklokke'	'Apparel & Accessories > Jewelry > Smart Watches'	'https://to.xplora.no/t/t?a=1487384413&as=1817440741&t=2&tk=1&cupa_sku=53574260064547&url=https://xplora.no/products/x6play-smartklokke?variant=53574260064547'	'https://cdn.shopify.com/s/files/1/0885/8622/3907/files/X6Play_Gen2_Front_Blue_Call_NO.webp?v=1756289075'	'new'	'in_stock'	'2490 NOK'		''	'Xplora Technologies'		'9829757419811'																	
'53774273937699'	'X6Play Smartklokke'	'Den premium smartklokken for barn âœ” Telefonsamtalerâœ” 8 GB lagringâœ” Tale- og tekstmeldingerâœ” GPS-sporingâœ” Skrittellerâœ” 5-megapikselkameraâœ” 1,52-tommers skjermâœ” Nano-SIMâœ” Ekstra ringetoner og urskiver via Xploras aktivitetsplattformâœ” Tilpass klokken med utskiftbare armbÃ¥nd, rammer og lÃ¸kker Med den tilhÃ¸rende Xplora-appen for smarttelefonen deres kan dere som foreldre alltid holde kontakten med barna og ha full oversikt over kontakter, plassering og alle innstillinger for smartklokken.'	'Smartklokke'	'Apparel & Accessories > Jewelry > Smart Watches'	'https://to.xplora.no/t/t?a=1487384413&as=1817440741&t=2&tk=1&cupa_sku=53774273937699&url=https://xplora.no/products/x6play-smartklokke?variant=53774273937699'	'https://cdn.shopify.com/s/files/1/0885/8622/3907/files/X6Play_Gen2_Front_Blue_Call_NO.webp?v=1756289075'	'new'	'in_stock'	'4398 NOK'		''	'Xplora Technologies'		'9829757419811'																	
'53574260130083'	'X6Play Smartklokke'	'Den premium smartklokken for barn âœ” Telefonsamtalerâœ” 8 GB lagringâœ” Tale- og tekstmeldingerâœ” GPS-sporingâœ” Skrittellerâœ” 5-megapikselkameraâœ” 1,52-tommers skjermâœ” Nano-SIMâœ” Ekstra ringetoner og urskiver via Xploras aktivitetsplattformâœ” Tilpass klokken med utskiftbare armbÃ¥nd, rammer og lÃ¸kker Med den tilhÃ¸rende Xplora-appen for smarttelefonen deres kan dere som foreldre alltid holde kontakten med barna og ha full oversikt over kontakter, plassering og alle innstillinger for smartklokken.'	'Smartklokke'	'Apparel & Accessories > Jewelry > Smart Watches'	'https://to.xplora.no/t/t?a=1487384413&as=1817440741&t=2&tk=1&cupa_sku=53574260130083&url=https://xplora.no/products/x6play-smartklokke?variant=53574260130083'	'https://cdn.shopify.com/s/files/1/0885/8622/3907/files/X6Play_Gen2_Front_Pink_Call_NO.webp?v=1756289075'	'new'	'in_stock'	'2490 NOK'		''	'Xplora Technologies'		'9829757419811'																	
'53774273970467'	'X6Play Smartklokke'	'Den premium smartklokken for barn âœ” Telefonsamtalerâœ” 8 GB lagringâœ” Tale- og tekstmeldingerâœ” GPS-sporingâœ” Skrittellerâœ” 5-megapikselkameraâœ” 1,52-tommers skjermâœ” Nano-SIMâœ” Ekstra ringetoner og urskiver via Xploras aktivitetsplattformâœ” Tilpass klokken med utskiftbare armbÃ¥nd, rammer og lÃ¸kker Med den tilhÃ¸rende Xplora-appen for smarttelefonen deres kan dere som foreldre alltid holde kontakten med barna og ha full oversikt over kontakter, plassering og alle innstillinger for smartklokken.'	'Smartklokke'	'Apparel & Accessories > Jewelry > Smart Watches'	'https://to.xplora.no/t/t?a=1487384413&as=1817440741&t=2&tk=1&cupa_sku=53774273970467&url=https://xplora.no/products/x6play-smartklokke?variant=53774273970467'	'https://cdn.shopify.com/s/files/1/0885/8622/3907/files/X6Play_Gen2_Front_Pink_Call_NO.webp?v=1756289075'	'new'	'in_stock'	'4398 NOK'		''	'Xplora Technologies'		'9829757419811'																	
'53661576102179'	'HMD Fusion X1'	'Gi ungdommen friheten de Ã¸nsker â€“ samtidig som du hjelper dem Ã¥ utvikle sunne digitale vaner. Med smarte foreldrekontroller fÃ¥r du full oversikt og kontroll â€“ direkte fra mobilen din. Alt pÃ¥ plass for en trygg digital start. â€¢ Begrenset tilgang til sosiale medier â€“ kan enkelt justeres med Xplora Guardian appâ€¢ Begrenset nettleser â€“ slÃ¥ av/pÃ¥ etter behovâ€¢ Fokusmodus â€“ begrens tilgangen i skoletiden eller ved leggetidâ€¢ App- og skjermtid â€“ innebygd i systemet og kan ikke omgÃ¥sâ€¢ GPS og plassering â€“ med trygghetssoner og sanntidssporingâ€¢ Sikre samtaler og meldinger â€“ kun godkjente kontakter Deres mobil. Dine regler. â€¢ Perfekt som fÃ¸rste smartenhet â€“ trygg og pÃ¥liteligâ€¢ Flott kamera med morsomme funksjoner â€“ forevige hverdagens Ã¸yeblikkâ€¢ Kule deksler og tilbehÃ¸r de kan gjÃ¸re til sitt egetâ€¢ Slankt og reparerbart design â€“ laget for Ã¥ vare'	'Mobile & Smart Phones'	'Electronics > Communications > Telephony > Mobile & Smart Phones'	'https://to.xplora.no/t/t?a=1487384413&as=1817440741&t=2&tk=1&cupa_sku=53661576102179&url=https://xplora.no/products/fusion-x1?variant=53661576102179'	'https://cdn.shopify.com/s/files/1/0885/8622/3907/files/Fusion-X1-FrontScreen-Xplora-logo.png?v=1747653788'	'new'	'in_stock'	'3490 NOK'		'6438409103253'	'Xplora Technologies'	'HMD-FX1-FCB-EU'	'9902601404707'																	
'54289165123875'	'Fusion X1 Next-Gen Upgrade'	'Gi ungdommen friheten de Ã¸nsker â€“ samtidig som du hjelper dem Ã¥ utvikle sunne digitale vaner. Med smarte foreldrekontroller fÃ¥r du full oversikt og kontroll â€“ direkte fra mobilen din. Alt pÃ¥ plass for en trygg digital start. â€¢ Begrenset tilgang til sosiale medier â€“ kan enkelt justeres med Xplora Guardian appâ€¢ Begrenset nettleser â€“ slÃ¥ av/pÃ¥ etter behovâ€¢ Fokusmodus â€“ begrens tilgangen i skoletiden eller ved leggetidâ€¢ App- og skjermtid â€“ innebygd i systemet og kan ikke omgÃ¥sâ€¢ GPS og plassering â€“ med trygghetssoner og sanntidssporingâ€¢ Sikre samtaler og meldinger â€“ kun godkjente kontakter Deres mobil. Dine regler. â€¢ Perfekt som fÃ¸rste smartenhet â€“ trygg og pÃ¥liteligâ€¢ Flott kamera med morsomme funksjoner â€“ forevige hverdagens Ã¸yeblikkâ€¢ Kule deksler og tilbehÃ¸r de kan gjÃ¸re til sitt egetâ€¢ Slankt og reparerbart design â€“ laget for Ã¥ vare'	'Mobile & Smart Phones'	'Electronics > Communications > Telephony > Mobile & Smart Phones'	'https://to.xplora.no/t/t?a=1487384413&as=1817440741&t=2&tk=1&cupa_sku=54289165123875&url=https://xplora.no/products/fusion-x1-next-gen-upgrade?variant=54289165123875'	'https://cdn.shopify.com/s/files/1/0885/8622/3907/files/Fusion-X1-FrontScreen-Xplora-logo.png?v=1747653788'	'new'	'in_stock'	'3490 NOK'	'2490 NOK'	'6438409103253'	'Xplora Technologies'	'HMD-FX1-FCB-EU'	'9982128718115'																	
